,Research Development,Effect Of Accounting Charges,Income Before Tax,Minority Interest,Net Income,Selling General Administrative,Gross Profit,Ebit,Operating Income,Other Operating Expenses,Interest Expense,Extraordinary Items,Non Recurring,Other Items,Income Tax Expense,Total Revenue,Total Operating Expenses,Cost Of Revenue,Total Other Income Expense Net,Discontinued Operations,Net Income From Continuing Ops,Net Income Applicable To Common Shares,ABV
2020-12-31,,,52086110.0,,52086110.0,4673056.0,17202991.0,12236034.0,12236034.0,293901.0,-665844.0,,,,0.0,16909090.0,4673056.0,-293901.0,39850076.0,,52086110.0,52086110.0,AEF
2019-12-31,,,78500613.0,,78500613.0,5279302.0,19695258.0,14415956.0,14415956.0,293901.0,-1515715.0,,,,0.0,19695258.0,5279302.0,0.0,64084657.0,,78500613.0,78500613.0,AEF
2018-12-31,,,-97006720.0,,-97006720.0,5557812.0,16864056.0,10863302.0,10863302.0,442942.0,-876764.0,,,,0.0,16864056.0,6000754.0,0.0,-107870022.0,,-97006720.0,-97006720.0,AEF
2017-12-31,,,26707639.0,,26707639.0,1471432.0,2038508.0,293370.0,293370.0,273706.0,-876764.0,,,,0.0,2038508.0,1745138.0,0.0,26414269.0,,26707639.0,26707639.0,AEF
