,Research Development,Effect Of Accounting Charges,Income Before Tax,Minority Interest,Net Income,Selling General Administrative,Gross Profit,Ebit,Operating Income,Other Operating Expenses,Interest Expense,Extraordinary Items,Non Recurring,Other Items,Income Tax Expense,Total Revenue,Total Operating Expenses,Cost Of Revenue,Total Other Income Expense Net,Discontinued Operations,Net Income From Continuing Ops,Net Income Applicable To Common Shares,ABV
2020-12-31,4978000.0,,-11126000.0,-280000.0,-10865000.0,7403000.0,1710000.0,-10671000.0,-10671000.0,,-499000.0,,,,-150000.0,1868000.0,12539000.0,158000.0,-455000.0,,-10976000.0,-10865000.0,AGE
2019-12-31,5904000.0,,-12236000.0,399000.0,-12154000.0,8139000.0,1484000.0,-12559000.0,-12559000.0,,-499000.0,,,,148000.0,1728000.0,14287000.0,244000.0,323000.0,,-12384000.0,-12154000.0,AGE
2018-12-31,5830000.0,,-7731000.0,784000.0,-7502000.0,5647000.0,1032000.0,-10445000.0,-10445000.0,,-499000.0,,,,0.0,1396000.0,11841000.0,364000.0,2714000.0,,-7731000.0,-7502000.0,AGE
2017-12-31,5784000.0,,-6637000.0,1039000.0,-6580000.0,3869000.0,1236000.0,-8417000.0,-8417000.0,,-12000.0,,,,0.0,1404000.0,9821000.0,168000.0,1780000.0,,-6637000.0,-6580000.0,AGE
