,Research Development,Effect Of Accounting Charges,Income Before Tax,Minority Interest,Net Income,Selling General Administrative,Gross Profit,Ebit,Operating Income,Other Operating Expenses,Interest Expense,Extraordinary Items,Non Recurring,Other Items,Income Tax Expense,Total Revenue,Total Operating Expenses,Cost Of Revenue,Total Other Income Expense Net,Discontinued Operations,Net Income From Continuing Ops,Net Income Applicable To Common Shares,ABV
2020-12-31,,,-230043000.0,1713000.0,-212365000.0,20351000.0,43844000.0,-28257000.0,-28257000.0,11793000.0,-5707000.0,,,,-14255000.0,134792000.0,163049000.0,90948000.0,-201786000.0,,-215788000.0,-247347000.0,AINC
2019-12-31,,,-13834000.0,4759000.0,-13855000.0,23011000.0,58460000.0,3614000.0,3614000.0,7293000.0,-2367000.0,,,,1540000.0,206082000.0,202468000.0,147622000.0,-17448000.0,,-15374000.0,-29057000.0,AINC
2018-12-31,,,-2544000.0,3989000.0,10182000.0,27551000.0,39596000.0,1418000.0,1418000.0,2708000.0,-1200000.0,,,,-10364000.0,150969000.0,149551000.0,111373000.0,-3962000.0,,7820000.0,4965000.0,AINC
2017-12-31,,,-10471000.0,5883000.0,-18352000.0,8886000.0,3406000.0,-8384000.0,-8384000.0,946000.0,-122000.0,,,,9723000.0,60498000.0,68882000.0,57092000.0,-2087000.0,,-20194000.0,-18352000.0,AINC
