,Research Development,Effect Of Accounting Charges,Income Before Tax,Minority Interest,Net Income,Selling General Administrative,Gross Profit,Ebit,Operating Income,Other Operating Expenses,Interest Expense,Extraordinary Items,Non Recurring,Other Items,Income Tax Expense,Total Revenue,Total Operating Expenses,Cost Of Revenue,Total Other Income Expense Net,Discontinued Operations,Net Income From Continuing Ops,Net Income Applicable To Common Shares,ABV
2020-12-31,,,-9453000.0,4376000.0,-7058000.0,4446000.0,11255000.0,20000.0,20000.0,,-1057000.0,,,,-1737000.0,17837000.0,17817000.0,6582000.0,-9473000.0,,-7716000.0,-7058000.0,AMS
2019-12-31,,,1558000.0,5778000.0,659000.0,4060000.0,14261000.0,2860000.0,2860000.0,,-1318000.0,,,,128000.0,20605000.0,17745000.0,6344000.0,-1302000.0,,1430000.0,659000.0,AMS
2018-12-31,,,2081000.0,5946000.0,1023000.0,3994000.0,14231000.0,3492000.0,3492000.0,,-1631000.0,,,,451000.0,19714000.0,16222000.0,5483000.0,-1411000.0,,1630000.0,1023000.0,AMS
2017-12-31,,,1837000.0,6029000.0,1923000.0,4323000.0,15264000.0,4340000.0,4340000.0,,-1927000.0,,,,-1103000.0,19556000.0,15216000.0,4292000.0,-2503000.0,,2940000.0,1923000.0,AMS
