,Research Development,Effect Of Accounting Charges,Income Before Tax,Minority Interest,Net Income,Selling General Administrative,Gross Profit,Ebit,Operating Income,Other Operating Expenses,Interest Expense,Extraordinary Items,Non Recurring,Other Items,Income Tax Expense,Total Revenue,Total Operating Expenses,Cost Of Revenue,Total Other Income Expense Net,Discontinued Operations,Net Income From Continuing Ops,Net Income Applicable To Common Shares,ABV
2020-12-31,,,-44087000.0,,-31234000.0,9763000.0,-12570000.0,-22333000.0,-22333000.0,,-100000.0,,,,-5517000.0,2866000.0,25199000.0,15436000.0,-21754000.0,7336000.0,-38570000.0,-31234000.0,AXU
2019-12-31,,,-6890000.0,,-8915000.0,9666000.0,-2262000.0,-11928000.0,-11928000.0,,-162000.0,,,,809000.0,2364000.0,14292000.0,4626000.0,5038000.0,-1216000.0,-7699000.0,-8915000.0,AXU
2018-12-31,,,-6994000.0,,-8501000.0,12078000.0,3449000.0,-8629000.0,-8629000.0,,-162000.0,,,,1507000.0,19880000.0,28509000.0,16431000.0,1635000.0,-1216000.0,-8501000.0,-8501000.0,AXU
2017-12-31,,,-6341000.0,,-7813000.0,9589000.0,2112000.0,-7477000.0,-7477000.0,,-162000.0,,,,1472000.0,10732000.0,18209000.0,8620000.0,1136000.0,-1216000.0,-7813000.0,-7813000.0,AXU
